when,sha,tests,verifiers,controls,rtl,docs
2026-09-17T23:05:27+00:00,1680454,6,0,0,200,1
2026-09-18T03:03:00+00:00,ae87d15,21,0,0,426,4
2026-09-18T07:05:51+00:00,b9930a4,51,2,17,1841,13
2026-09-18T09:17:50+00:00,5a041de,188,4,26,3027,17
2026-09-18T14:16:25+00:00,2c7e3b5,244,7,62,4366,26
2026-09-18T17:42:24+00:00,c50b807,259,7,66,4645,31
2026-09-18T19:04:21+00:00,0faba3e,296,7,67,4645,34
2026-09-18T20:06:26+00:00,0d8a763,334,7,74,4877,47
2026-09-18T21:00:03+00:00,217bd4e,395,7,76,4960,48
2026-09-18T21:35:02+00:00,64e96ce,441,7,82,4960,49
2026-09-18T22:19:03+00:00,93c0c41,485,7,82,4960,51
2026-09-18T23:24:12+00:00,ba14af2,519,7,82,4960,52
